album,upc,title,track,isrc
"2024-02",198085040643,1,"2024-02-11-01",QZXKT2400012
"2024-02",198085040643,2,"2024-02-11-02",QZXKT2400013
"2024-02",198085040643,3,"2024-02-15-01",QZXKT2400014
"2024-02",198085040643,4,"2024-02-15-02",QZXKT2400015
"2024-02",198085040643,5,"2024-02-17-01",QZXKT2400016
"2024-02",198085040643,6,"2024-02-17-02",QZXKT2400017
"2024-02",198085040643,7,"2024-02-17-03",QZXKT2400018
"2024-02",198085040643,8,"2024-02-17-04",QZXKT2400019
"2024-02",198085040643,9,"2024-02-20",QZXKT2400020
"2024-02",198085040643,10,"2024-02-24",QZXKT2400021
