Title	Year	Duration	ISRC	Release	Release Date	Release Artist	UPC
Opus 1	2011	4:25	QMYYH1100001	Undecidable	2011-01-24	Kirk Rader	885767506688
Opus 2	2011	2:51	QMYYH1100002	Undecidable	2011-01-24	Kirk Rader	885767506688
Sample and Hold 2	2011	1:41	QMYYH1100003	Undecidable	2011-01-24	Kirk Rader	885767506688
Segnahc Cigam	2011	2:06	QMYYH1100004	Undecidable	2011-01-24	Kirk Rader	885767506688
Sample and Hold 1	2011	6:15	QMYYH1100005	Undecidable	2011-01-24	Kirk Rader	885767506688
Opus 6	2011	4:09	QMYYH1100006	Undecidable	2011-01-24	Kirk Rader	885767506688
2600 Redux	2023	5:57	QZXKT2300001	Dum Vivimus	2023-03-11	Kirk Rader	198015910503
Dum Vivimus	2023	5:10	QZXKT2300002	Dum Vivimus	2023-03-11	Kirk Rader	198015910503
Vivamus	2023	5:25	QZXKT2300003	Dum Vivimus	2023-03-11	Kirk Rader	198015910503
Sliders and Knobs	2023	5:03	QZXKT2300004	Dum Vivimus	2023-03-11	Kirk Rader	198015910503
And Cables	2023	2:29	QZXKT2300005	Dum Vivimus	2023-03-11	Kirk Rader	198015910503
One Modulator to Rule Them All	2023	4:04	QZXKT2300006	Dum Vivimus	2023-03-11	Kirk Rader	198015910503
Sonatina in No Particular Key, Pt. 1	2023	3:15	QZXKT2300007	Dum Vivimus	2023-03-11	Kirk Rader	198015910503
Noise to Signal	2023	10:45	QZXKT2300008	Dum Vivimus	2023-03-11	Kirk Rader	198015910503
Untitled	2023	3:03	QZXKT2300009	Untitled	2023-03-11	Kirk Rader	198015912095
Whoop Whoop	2023	3:22	QZXKT2300010	Untitled	2023-03-11	Kirk Rader	198015912095
Ring of Sines and a Square	2023	3:10	QZXKT2300011	Untitled	2023-03-11	Kirk Rader	198015912095
Sonatina in No Particular Key, Pt. 2	2023	6:00	QZXKT2300012	Songs Not Yet and No Longer Sung	2023-03-18	Kirk Rader	198015955498
Fire and Forget	2023	3:57	QZXKT2300013	Songs Not Yet and No Longer Sung	2023-03-18	Kirk Rader	198015955498
Divergence	2023	3:08	QZXKT2300014	Songs Not Yet and No Longer Sung	2023-03-18	Kirk Rader	198015955498
Douse and Remember	2023	7:17	QZXKT2300015	Songs Not Yet and No Longer Sung	2023-03-18	Kirk Rader	198015955498
Faerie	2023	2:41	QZXKT2300016	Songs Not Yet and No Longer Sung	2023-03-18	Kirk Rader	198015955498
Múspellsheimr	2023	2:04	QZXKT2300017	Songs Not Yet and No Longer Sung	2023-03-18	Kirk Rader	198015955498
Niflheimr	2023	3:15	QZXKT2300018	Songs Not Yet and No Longer Sung	2023-03-18	Kirk Rader	198015955498
Lament	2023	2:16	QZXKT2300019	Songs Not Yet and No Longer Sung	2023-03-18	Kirk Rader	198015955498
Ostinato	2023	2:07	QZXKT2300020	Songs Not Yet and No Longer Sung	2023-03-18	Kirk Rader	198015955498
March	2023	2:29	QZXKT2300021	March	2023-03-28	Kirk Rader	198025013270
Ludwig van Synthpop	2023	1:14	QZXKT2300022	March	2023-03-28	Kirk Rader	198025013270
E Minor Tune	2023	2:46	QZXKT2300023	March	2023-03-28	Kirk Rader	198025013270
Krell National Anthem	2023	3:18	QZXKT2300024	April	2023-04-08	Kirk Rader	198025078903
Sonatina in No Particular Key, Pt. 3	2023	5:14	QZXKT2300025	April	2023-04-08	Kirk Rader	198025078903
Triad	2023	1:45	QZXKT2300026	April	2023-04-08	Kirk Rader	198025078903
Iaulath Berúthiel	2023	2:09	QZXKT2300027	April	2023-04-08	Kirk Rader	198025078903
Fall, Rise	2023	2:14	QZXKT2300028	April	2023-04-08	Kirk Rader	198025078903
Sinusoidal Syncopation	2023	2:20	QZXKT2300029	April	2023-04-08	Kirk Rader	198025078903
P W M	2023	3:21	QZXKT2300030	April	2023-04-08	Kirk Rader	198025078903
π	2023	1:27	QZXKT2300031	No Chatbots Were Harmed in the Making of This Album	2023-05-07	Kirk Rader	198025252013
Regret	2023	2:04	QZXKT2300032	No Chatbots Were Harmed in the Making of This Album	2023-05-07	Kirk Rader	198025252013
Y N B B B	2023	2:03	QZXKT2300033	No Chatbots Were Harmed in the Making of This Album	2023-05-07	Kirk Rader	198025252013
Analogy in C Major	2023	2:31	QZXKT2300034	No Chatbots Were Harmed in the Making of This Album	2023-05-07	Kirk Rader	198025252013
Chicxulub	2023	3:10	QZXKT2300035	No Chatbots Were Harmed in the Making of This Album	2023-05-07	Kirk Rader	198025252013
Analogy in C Minor	2023	1:36	QZXKT2300036	No Chatbots Were Harmed in the Making of This Album	2023-05-07	Kirk Rader	198025252013
Rainy Day Fanfare	2023	2:41	QZXKT2300037	No Chatbots Were Harmed in the Making of This Album	2023-05-07	Kirk Rader	198025252013
At His Heels, Leashed in Like Hounds	2023	1:01	QZXKT2300038	No Chatbots Were Harmed in the Making of This Album	2023-05-07	Kirk Rader	198025252013
Crouched for Employment	2023	1:45	QZXKT2300039	No Chatbots Were Harmed in the Making of This Album	2023-05-07	Kirk Rader	198025252013
Vigilance	2023	3:41	QZXKT2300040	Ambivalence	2023-06-04	Kirk Rader	198025421488
Perserverance	2023	1:55	QZXKT2300041	Ambivalence	2023-06-04	Kirk Rader	198025421488
Coherence	2023	1:42	QZXKT2300042	Ambivalence	2023-06-04	Kirk Rader	198025421488
Reluctance	2023	3:12	QZXKT2300043	Ambivalence	2023-06-04	Kirk Rader	198025421488
Ebullience	2023	1:57	QZXKT2300044	Ambivalence	2023-06-04	Kirk Rader	198025421488
Effulgence	2023	1:34	QZXKT2300045	Ambivalence	2023-06-04	Kirk Rader	198025421488
Somnambulance	2023	2:45	QZXKT2300046	Ambivalence	2023-06-04	Kirk Rader	198025421488
Emergence	2023	3:02	QZXKT2300047	Ambivalence	2023-06-04	Kirk Rader	198025421488
Transcendence	2023	2:20	QZXKT2300048	Ambivalence	2023-06-04	Kirk Rader	198025421488
Disturbance	2023	2:23	QZXKT2300049	Ambivalence	2023-06-04	Kirk Rader	198025421488
Floating Theater	2023	2:02	QZXKT2300050	The Modern Temple of Amusement	2023-07-02	Kirk Rader	198025591679
Mount Vesuvius	2023	2:23	QZXKT2300051	The Modern Temple of Amusement	2023-07-02	Kirk Rader	198025591679
Soliloquy	2023	2:08	QZXKT2300052	The Modern Temple of Amusement	2023-07-02	Kirk Rader	198025591679
Dramma Bernesco	2023	2:31	QZXKT2300053	The Modern Temple of Amusement	2023-07-02	Kirk Rader	198025591679
Ghostly Reminiscences	2023	1:31	QZXKT2300054	The Modern Temple of Amusement	2023-07-02	Kirk Rader	198025591679
Au Quai	2023	1:46	QZXKT2300055	The Modern Temple of Amusement	2023-07-02	Kirk Rader	198025591679
Farandole Lamentoso (8-Bit Mix)	2023	0:38	QZXKT2300056	The Modern Temple of Amusement	2023-07-02	Kirk Rader	198025591679
Farandole Lamentoso (2600 Remix)	2023	0:40	QZXKT2300057	The Modern Temple of Amusement	2023-07-02	Kirk Rader	198025591679
Steamboatman	2023	2:26	QZXKT2300058	The Modern Temple of Amusement	2023-07-02	Kirk Rader	198025591679
Foggy River	2023	3:03	QZXKT2300059	The Modern Temple of Amusement	2023-07-02	Kirk Rader	198025591679
Decommissioned	2023	1:51	QZXKT2300060	The Modern Temple of Amusement	2023-07-02	Kirk Rader	198025591679
Repercussions 1	2023	3:15	QZXKT2300061	The Modern Temple of Amusement	2023-07-02	Kirk Rader	198025591679
Repercussions 2	2023	1:01	QZXKT2300062	The Modern Temple of Amusement	2023-07-02	Kirk Rader	198025591679
Repercussions 3	2023	2:25	QZXKT2300063	The Modern Temple of Amusement	2023-07-02	Kirk Rader	198025591679
Repercussions 4	2023	2:02	QZXKT2300064	The Modern Temple of Amusement	2023-07-02	Kirk Rader	198025591679
Repercussions 5	2023	1:13	QZXKT2300065	The Modern Temple of Amusement	2023-07-02	Kirk Rader	198025591679
Repercussions 6	2023	1:53	QZXKT2300066	The Modern Temple of Amusement	2023-07-02	Kirk Rader	198025591679
Repercussions 7	2023	1:10	QZXKT2300067	The Modern Temple of Amusement	2023-07-02	Kirk Rader	198025591679
Repercussions 8	2023	2:21	QZXKT2300068	The Modern Temple of Amusement	2023-07-02	Kirk Rader	198025591679
Repercussions 9	2023	1:04	QZXKT2300069	The Modern Temple of Amusement	2023-07-02	Kirk Rader	198025591679
Repercussions 10	2023	1:03	QZXKT2300070	The Modern Temple of Amusement	2023-07-02	Kirk Rader	198025591679
Incipio Ex Regulum	2023	3:26	QZXKT2300071	Album 10	2023-07-26	Kirk Rader	198025739965
Introduction	2023	1:47	QZXKT2300072	Album 10	2023-07-26	Kirk Rader	198025739965
Variation 1	2023	2:10	QZXKT2300073	Album 10	2023-07-26	Kirk Rader	198025739965
Interlude 1	2023	2:23	QZXKT2300074	Album 10	2023-07-26	Kirk Rader	198025739965
Variation 2	2023	2:05	QZXKT2300075	Album 10	2023-07-26	Kirk Rader	198025739965
Interlude 2	2023	1:10	QZXKT2300076	Album 10	2023-07-26	Kirk Rader	198025739965
Variation 3	2023	3:08	QZXKT2300077	Album 10	2023-07-26	Kirk Rader	198025739965
Interlude 3	2023	2:03	QZXKT2300078	Album 10	2023-07-26	Kirk Rader	198025739965
Recapitulation	2023	3:30	QZXKT2300079	Album 10	2023-07-26	Kirk Rader	198025739965
Reductio Ad Absurdum	2023	2:43	QZXKT2300080	Album 10	2023-07-26	Kirk Rader	198025739965
Epilogue	2023	2:35	QZXKT2300081	Album 10	2023-07-26	Kirk Rader	198025739965
Rhythm 1	2023	1:52	QZXKT2300082	Rhythms	2023-07-30	Kirk Rader	198025759802
Rhythm 2	2023	2:00	QZXKT2300083	Rhythms	2023-07-30	Kirk Rader	198025759802
Rhythm 3	2023	1:44	QZXKT2300084	Rhythms	2023-07-30	Kirk Rader	198025759802
Rhythm 4	2023	1:54	QZXKT2300085	Rhythms	2023-07-30	Kirk Rader	198025759802
Rhythm 5	2023	1:54	QZXKT2300086	Rhythms	2023-07-30	Kirk Rader	198025759802
Rhythm 6	2023	2:04	QZXKT2300087	Rhythms	2023-07-30	Kirk Rader	198025759802
Euclidean Tablas and Random Drones	2023	2:07	QZXKT2300088	Rhythms	2023-07-30	Kirk Rader	198025759802
Sinfonietta for Cowbell Orchestra	2023	1:29	QZXKT2300089	Rhythms	2023-07-30	Kirk Rader	198025759802
Concerto for Cowbell, Low Percussion and Manic Choir	2023	0:35	QZXKT2300090	Rhythms	2023-07-30	Kirk Rader	198025759802
Farandole in Tempore Belli	2023	2:55	QZXKT2300091	Rhythms	2023-07-30	Kirk Rader	198025759802
Digitalis in C Minor	2023	2:09	QZXKT2300092	Digitalis	2023-08-15	Kirk Rader	198025865497
Poison	2023	2:14	QZXKT2300093	Digitalis	2023-08-15	Kirk Rader	198025865497
Synaesthesia	2023	1:41	QZXKT2300094	Digitalis	2023-08-15	Kirk Rader	198025865497
Chromatic Parrots	2023	1:15	QZXKT2300095	Digitalis	2023-08-15	Kirk Rader	198025865497
Shuffle Off	2023	1:24	QZXKT2300096	Digitalis	2023-08-15	Kirk Rader	198025865497
Tethyc Tempo	2023	1:09	QZXKT2300097	Digitalis	2023-08-15	Kirk Rader	198025865497
Tethyc Melody	2023	1:40	QZXKT2300098	Digitalis	2023-08-15	Kirk Rader	198025865497
Arise, Fair Sun	2023	1:14	QZXKT2300099	Digitalis	2023-08-15	Kirk Rader	198025865497
Hobbled Promenade	2024	1:16	QZWFW2452961	Hobbled Promenade	2024-10-28	Kirk Rader	198879730378
